<?xml version="1.0" encoding="UTF-8" standalone="no"?>
<extension version="3.4" type="plugin" group="quickicon" method="upgrade">
    <name>plg_quickicon_gantry5</name>
    <version>5.4.11</version>
    <creationDate>April  3, 2017</creationDate>
    <author>RocketTheme, LLC</author>
    <authorEmail>support@rockettheme.com</authorEmail>
    <authorUrl>http://www.rockettheme.com</authorUrl>
    <copyright>(C) 2005 - 2016 RocketTheme, LLC. All rights reserved.</copyright>
    <license>http://www.gnu.org/licenses/gpl-2.0.html GNU/GPL</license>
    <description>PLG_QUICKICON_GANTRY5_DESCRIPTION</description>

    <files>
        <filename plugin="gantry5">gantry5.php</filename>
        <filename>MD5SUMS</filename>
        <folder>language</folder>
    </files>

    <config>
        <fields name="params">
            <fieldset name="basic">
                <field name="context"
                       type="text"
                       default="mod_quickicon"
                       description="PLG_QUICKICON_GANTRY5_GROUP_DESC"
                       label="PLG_QUICKICON_GANTRY5_GROUP_LABEL"
                        />
            </fieldset>
        </fields>
    </config>
</extension>
