<?xml version="1.0" encoding="UTF-8" standalone="no"?>
<extension version="3.4" type="component" method="upgrade">
    <name>com_gantry5</name>
    <version>5.4.11</version>
    <creationDate>April  3, 2017</creationDate>
    <author>RocketTheme, LLC</author>
    <authorEmail>support@rockettheme.com</authorEmail>
    <authorUrl>http://www.rockettheme.com</authorUrl>
    <copyright>(C) 2005 - 2016 RocketTheme, LLC. All rights reserved.</copyright>
    <license>http://www.gnu.org/licenses/gpl-2.0.html GNU/GPLv2</license>
    <description>COM_GANTRY5_DESCRIPTION</description>

    <files folder="site">
        <filename>gantry5.php</filename>
        <filename>router.php</filename>
        <filename>MD5SUMS</filename>
        <folder>fields</folder>
        <folder>views</folder>
    </files>

    <administration>
        <files folder="admin">
            <filename>access.xml</filename>
            <filename>config.xml</filename>
            <filename>gantry5.php</filename>
            <filename>MD5SUMS</filename>
            <folder>blueprints</folder>
            <folder>css-compiled</folder>
            <folder>fonts</folder>
            <folder>images</folder>
            <folder>js</folder>
            <folder>language</folder>
            <folder>scss</folder>
            <folder>templates</folder>
        </files>
        <menu>COM_GANTRY5</menu>
        <submenu>
            <menu view="themes">COM_GANTRY5_ADMIN_MENU_THEMES</menu>
            <menu>COM_GANTRY5_ADMIN_MENU_THEME</menu>
        </submenu>
    </administration>
</extension>
