<?xml version="1.0" encoding="UTF-8" standalone="no"?>
<extension version="3.4" type="plugin" group="system" method="upgrade">
    <name>plg_system_gantry5</name>
    <version>5.4.11</version>
    <creationDate>April  3, 2017</creationDate>
    <author>RocketTheme, LLC</author>
    <authorEmail>support@rockettheme.com</authorEmail>
    <authorUrl>http://www.rockettheme.com</authorUrl>
    <copyright>(C) 2005 - 2016 RocketTheme, LLC. All rights reserved.</copyright>
    <license>http://www.gnu.org/licenses/gpl-2.0.html GNU/GPLv2</license>
    <description>PLG_SYSTEM_GANTRY5_DESCRIPTION</description>

    <files>
        <filename plugin="gantry5">gantry5.php</filename>
        <filename>MD5SUMS</filename>
        <folder>language</folder>
    </files>

    <config>
        <fields name="params">
            <fieldset name="basic" label="PLG_SYSTEM_GANTRY5">
                <field name="production"
                       type="radio"
                       class="btn-group btn-group-yesno"
                       default="1"
                       description="PLG_SYSTEM_GANTRY5_FIELD_PRODUCTION_DESC"
                       label="PLG_SYSTEM_GANTRY5_FIELD_PRODUCTION_LABEL">
                    <option value="1">JYES</option>
                    <option value="0">JNO</option>
                </field>

                <field name="use_media_folder"
                       type="radio"
                       class="btn-group btn-group-yesno"
                       default="0"
                       description="PLG_SYSTEM_GANTRY5_FIELD_USE_MEDIA_FOLDER_DESC"
                       label="PLG_SYSTEM_GANTRY5_FIELD_USE_MEDIA_FOLDER_LABEL">
                    <option value="1">JYES</option>
                    <option value="0">JNO</option>
                </field>

                <field name="asset_timestamps"
                       type="radio"
                       class="btn-group btn-group-yesno"
                       default="1"
                       description="PLG_SYSTEM_GANTRY5_FIELD_ASSET_TIMESTAMPS_DESC"
                       label="PLG_SYSTEM_GANTRY5_FIELD_ASSET_TIMESTAMPS_LABEL">
                    <option value="1">JYES</option>
                    <option value="0">JNO</option>
                </field>

                <field name="asset_timestamps_period"
                       type="text"
                       default="7"
                       filter="float"
                       description="PLG_SYSTEM_GANTRY5_FIELD_ASSET_TIMESTAMPS_PERIOD_DESC"
                       label="PLG_SYSTEM_GANTRY5_FIELD_ASSET_TIMESTAMPS_PERIOD_LABEL"/>

                <field name="compile_yaml"
                       type="radio"
                       class="btn-group btn-group-yesno"
                       default="1"
                       description="PLG_SYSTEM_GANTRY5_FIELD_COMPILE_YAML_DESC"
                       label="PLG_SYSTEM_GANTRY5_FIELD_COMPILE_YAML_LABEL">
                    <option value="1">JYES</option>
                    <option value="0">JNO</option>
                </field>

                <field name="compile_twig"
                       type="radio"
                       class="btn-group btn-group-yesno"
                       default="1"
                       description="PLG_SYSTEM_GANTRY5_FIELD_COMPILE_TWIG_DESC"
                       label="PLG_SYSTEM_GANTRY5_FIELD_COMPILE_TWIG_LABEL">
                    <option value="1">JYES</option>
                    <option value="0">JNO</option>
                </field>
            </fieldset>
        </fields>
    </config>
</extension>
