<?xml version="1.0" encoding="UTF-8" standalone="no"?>
<extension version="3.4" type="library" method="upgrade">
    <name>Gantry 5 Framework</name>
    <libraryname>gantry5</libraryname>
    <version>5.4.11</version>
    <creationDate>April  3, 2017</creationDate>
    <author>RocketTheme, LLC</author>
    <authorEmail>support@rockettheme.com</authorEmail>
    <authorUrl>http://www.rockettheme.com</authorUrl>
    <copyright>(C) 2005 - 2016 RocketTheme, LLC. All rights reserved.</copyright>
    <license>http://www.gnu.org/licenses/gpl-2.0.html GNU/GPL</license>
    <description>LIB_GANTRY5_DESCRIPTION</description>

    <files folder="library">
        <filename>bootstrap.php</filename>
        <filename>Loader.php</filename>
        <filename>RealLoader.php</filename>
        <filename>composer.json</filename>
        <filename>composer.lock</filename>
        <filename>MD5SUMS</filename>
        <folder>classes</folder>
        <folder>vendor</folder>
    </files>

    <media folder="assets" destination="gantry5/assets">
        <folder>css</folder>
        <folder>fonts</folder>
        <folder>images</folder>
        <folder>js</folder>
    </media>

    <languages folder="language">
        <language tag="en-GB">en-GB/en-GB.lib_gantry5.sys.ini</language>
    </languages>
</extension>
